GEO.id,GEO.id2,GEO.display-label,HD01_VD01,HD02_VD01
Id,Id2,Geography,Estimate; Total,Margin of Error; Total
1400000US06073000100,06073000100,"Census Tract 1, San Diego County, California",2716,206
1400000US06073000201,06073000201,"Census Tract 2.01, San Diego County, California",2223,260
1400000US06073000202,06073000202,"Census Tract 2.02, San Diego County, California",4683,398
1400000US06073000300,06073000300,"Census Tract 3, San Diego County, California",4875,417
1400000US06073000400,06073000400,"Census Tract 4, San Diego County, California",3606,272
1400000US06073000500,06073000500,"Census Tract 5, San Diego County, California",2873,242
1400000US06073000600,06073000600,"Census Tract 6, San Diego County, California",2904,250
1400000US06073000700,06073000700,"Census Tract 7, San Diego County, California",4576,319
1400000US06073000800,06073000800,"Census Tract 8, San Diego County, California",3927,484
1400000US06073000900,06073000900,"Census Tract 9, San Diego County, California",5184,485
1400000US06073001000,06073001000,"Census Tract 10, San Diego County, California",5470,411
1400000US06073001100,06073001100,"Census Tract 11, San Diego County, California",3545,331
1400000US06073001200,06073001200,"Census Tract 12, San Diego County, California",6064,551
1400000US06073001300,06073001300,"Census Tract 13, San Diego County, California",6329,436
1400000US06073001400,06073001400,"Census Tract 14, San Diego County, California",3286,298
1400000US06073001500,06073001500,"Census Tract 15, San Diego County, California",3836,344
1400000US06073001600,06073001600,"Census Tract 16, San Diego County, California",5292,747
1400000US06073001700,06073001700,"Census Tract 17, San Diego County, California",4487,482
1400000US06073001800,06073001800,"Census Tract 18, San Diego County, California",5392,568
1400000US06073001900,06073001900,"Census Tract 19, San Diego County, California",3171,242
1400000US06073002001,06073002001,"Census Tract 20.01, San Diego County, California",3273,230
1400000US06073002002,06073002002,"Census Tract 20.02, San Diego County, California",2597,232
1400000US06073002100,06073002100,"Census Tract 21, San Diego County, California",4842,467
1400000US06073002201,06073002201,"Census Tract 22.01, San Diego County, California",3705,363
1400000US06073002202,06073002202,"Census Tract 22.02, San Diego County, California",5388,527
1400000US06073002301,06073002301,"Census Tract 23.01, San Diego County, California",3130,283
1400000US06073002302,06073002302,"Census Tract 23.02, San Diego County, California",6620,855
1400000US06073002401,06073002401,"Census Tract 24.01, San Diego County, California",4824,435
1400000US06073002402,06073002402,"Census Tract 24.02, San Diego County, California",5236,538
1400000US06073002501,06073002501,"Census Tract 25.01, San Diego County, California",6024,496
1400000US06073002502,06073002502,"Census Tract 25.02, San Diego County, California",6518,602
1400000US06073002601,06073002601,"Census Tract 26.01, San Diego County, California",6100,552
1400000US06073002602,06073002602,"Census Tract 26.02, San Diego County, California",4256,418
1400000US06073002702,06073002702,"Census Tract 27.02, San Diego County, California",5750,519
1400000US06073002703,06073002703,"Census Tract 27.03, San Diego County, California",7219,955
1400000US06073002705,06073002705,"Census Tract 27.05, San Diego County, California",4863,420
1400000US06073002707,06073002707,"Census Tract 27.07, San Diego County, California",5505,480
1400000US06073002708,06073002708,"Census Tract 27.08, San Diego County, California",6112,374
1400000US06073002709,06073002709,"Census Tract 27.09, San Diego County, California",3600,459
1400000US06073002710,06073002710,"Census Tract 27.10, San Diego County, California",4223,417
1400000US06073002711,06073002711,"Census Tract 27.11, San Diego County, California",3528,262
1400000US06073002712,06073002712,"Census Tract 27.12, San Diego County, California",4707,486
1400000US06073002801,06073002801,"Census Tract 28.01, San Diego County, California",2817,374
1400000US06073002803,06073002803,"Census Tract 28.03, San Diego County, California",5365,620
1400000US06073002804,06073002804,"Census Tract 28.04, San Diego County, California",5049,539
1400000US06073002902,06073002902,"Census Tract 29.02, San Diego County, California",6846,817
1400000US06073002903,06073002903,"Census Tract 29.03, San Diego County, California",4204,449
1400000US06073002904,06073002904,"Census Tract 29.04, San Diego County, California",8083,700
1400000US06073002905,06073002905,"Census Tract 29.05, San Diego County, California",4295,442
1400000US06073003001,06073003001,"Census Tract 30.01, San Diego County, California",4428,904
1400000US06073003003,06073003003,"Census Tract 30.03, San Diego County, California",5045,389
1400000US06073003004,06073003004,"Census Tract 30.04, San Diego County, California",5420,452
1400000US06073003101,06073003101,"Census Tract 31.01, San Diego County, California",3735,510
1400000US06073003103,06073003103,"Census Tract 31.03, San Diego County, California",6686,595
1400000US06073003105,06073003105,"Census Tract 31.05, San Diego County, California",4647,450
1400000US06073003107,06073003107,"Census Tract 31.07, San Diego County, California",6203,500
1400000US06073003108,06073003108,"Census Tract 31.08, San Diego County, California",3720,235
1400000US06073003109,06073003109,"Census Tract 31.09, San Diego County, California",3474,256
1400000US06073003111,06073003111,"Census Tract 31.11, San Diego County, California",7246,652
1400000US06073003112,06073003112,"Census Tract 31.12, San Diego County, California",4294,608
1400000US06073003113,06073003113,"Census Tract 31.13, San Diego County, California",5648,436
1400000US06073003114,06073003114,"Census Tract 31.14, San Diego County, California",3637,303
1400000US06073003115,06073003115,"Census Tract 31.15, San Diego County, California",7054,420
1400000US06073003201,06073003201,"Census Tract 32.01, San Diego County, California",5628,455
1400000US06073003202,06073003202,"Census Tract 32.02, San Diego County, California",4993,411
1400000US06073003204,06073003204,"Census Tract 32.04, San Diego County, California",3633,496
1400000US06073003207,06073003207,"Census Tract 32.07, San Diego County, California",6567,817
1400000US06073003208,06073003208,"Census Tract 32.08, San Diego County, California",6510,695
1400000US06073003209,06073003209,"Census Tract 32.09, San Diego County, California",5492,384
1400000US06073003211,06073003211,"Census Tract 32.11, San Diego County, California",3446,275
1400000US06073003212,06073003212,"Census Tract 32.12, San Diego County, California",3635,541
1400000US06073003213,06073003213,"Census Tract 32.13, San Diego County, California",4332,425
1400000US06073003214,06073003214,"Census Tract 32.14, San Diego County, California",5210,311
1400000US06073003301,06073003301,"Census Tract 33.01, San Diego County, California",3423,257
1400000US06073003303,06073003303,"Census Tract 33.03, San Diego County, California",4469,458
1400000US06073003304,06073003304,"Census Tract 33.04, San Diego County, California",4413,434
1400000US06073003305,06073003305,"Census Tract 33.05, San Diego County, California",5935,530
1400000US06073003401,06073003401,"Census Tract 34.01, San Diego County, California",6451,609
1400000US06073003403,06073003403,"Census Tract 34.03, San Diego County, California",3938,397
1400000US06073003404,06073003404,"Census Tract 34.04, San Diego County, California",4841,347
1400000US06073003501,06073003501,"Census Tract 35.01, San Diego County, California",4773,628
1400000US06073003502,06073003502,"Census Tract 35.02, San Diego County, California",4972,409
1400000US06073003601,06073003601,"Census Tract 36.01, San Diego County, California",3034,258
1400000US06073003602,06073003602,"Census Tract 36.02, San Diego County, California",3350,231
1400000US06073003603,06073003603,"Census Tract 36.03, San Diego County, California",4719,514
1400000US06073003800,06073003800,"Census Tract 38, San Diego County, California",6540,1163
1400000US06073003901,06073003901,"Census Tract 39.01, San Diego County, California",4456,338
1400000US06073003902,06073003902,"Census Tract 39.02, San Diego County, California",4482,558
1400000US06073004000,06073004000,"Census Tract 40, San Diego County, California",5268,622
1400000US06073004100,06073004100,"Census Tract 41, San Diego County, California",7110,663
1400000US06073004200,06073004200,"Census Tract 42, San Diego County, California",6094,458
1400000US06073004300,06073004300,"Census Tract 43, San Diego County, California",3680,308
1400000US06073004400,06073004400,"Census Tract 44, San Diego County, California",4071,387
1400000US06073004501,06073004501,"Census Tract 45.01, San Diego County, California",2781,315
1400000US06073004600,06073004600,"Census Tract 46, San Diego County, California",1875,179
1400000US06073004700,06073004700,"Census Tract 47, San Diego County, California",1866,292
1400000US06073004800,06073004800,"Census Tract 48, San Diego County, California",3932,494
1400000US06073004900,06073004900,"Census Tract 49, San Diego County, California",5429,557
1400000US06073005000,06073005000,"Census Tract 50, San Diego County, California",2544,317
1400000US06073005100,06073005100,"Census Tract 51, San Diego County, California",6970,1039
1400000US06073005200,06073005200,"Census Tract 52, San Diego County, California",5218,465
1400000US06073005300,06073005300,"Census Tract 53, San Diego County, California",5695,608
1400000US06073005400,06073005400,"Census Tract 54, San Diego County, California",7503,653
1400000US06073005500,06073005500,"Census Tract 55, San Diego County, California",199,121
1400000US06073005600,06073005600,"Census Tract 56, San Diego County, California",3932,304
1400000US06073005700,06073005700,"Census Tract 57, San Diego County, California",1728,309
1400000US06073005800,06073005800,"Census Tract 58, San Diego County, California",2888,366
1400000US06073005900,06073005900,"Census Tract 59, San Diego County, California",2765,267
1400000US06073006000,06073006000,"Census Tract 60, San Diego County, California",3860,354
1400000US06073006100,06073006100,"Census Tract 61, San Diego County, California",2473,286
1400000US06073006200,06073006200,"Census Tract 62, San Diego County, California",22,16
1400000US06073006300,06073006300,"Census Tract 63, San Diego County, California",3236,608
1400000US06073006500,06073006500,"Census Tract 65, San Diego County, California",2869,345
1400000US06073006600,06073006600,"Census Tract 66, San Diego County, California",1903,129
1400000US06073006801,06073006801,"Census Tract 68.01, San Diego County, California",2431,199
1400000US06073006802,06073006802,"Census Tract 68.02, San Diego County, California",5786,658
1400000US06073006900,06073006900,"Census Tract 69, San Diego County, California",5359,621
1400000US06073007002,06073007002,"Census Tract 70.02, San Diego County, California",3166,199
1400000US06073007100,06073007100,"Census Tract 71, San Diego County, California",4554,540
1400000US06073007200,06073007200,"Census Tract 72, San Diego County, California",5926,368
1400000US06073007301,06073007301,"Census Tract 73.01, San Diego County, California",4514,556
1400000US06073007302,06073007302,"Census Tract 73.02, San Diego County, California",2069,128
1400000US06073007400,06073007400,"Census Tract 74, San Diego County, California",6620,476
1400000US06073007501,06073007501,"Census Tract 75.01, San Diego County, California",3840,454
1400000US06073007502,06073007502,"Census Tract 75.02, San Diego County, California",2973,307
1400000US06073007600,06073007600,"Census Tract 76, San Diego County, California",4391,674
1400000US06073007701,06073007701,"Census Tract 77.01, San Diego County, California",3898,399
1400000US06073007702,06073007702,"Census Tract 77.02, San Diego County, California",3693,381
1400000US06073007800,06073007800,"Census Tract 78, San Diego County, California",6151,599
1400000US06073007903,06073007903,"Census Tract 79.03, San Diego County, California",4671,567
1400000US06073007905,06073007905,"Census Tract 79.05, San Diego County, California",2613,436
1400000US06073007907,06073007907,"Census Tract 79.07, San Diego County, California",3152,415
1400000US06073007908,06073007908,"Census Tract 79.08, San Diego County, California",2994,324
1400000US06073007910,06073007910,"Census Tract 79.10, San Diego County, California",2990,259
1400000US06073008002,06073008002,"Census Tract 80.02, San Diego County, California",2687,220
1400000US06073008003,06073008003,"Census Tract 80.03, San Diego County, California",3771,313
1400000US06073008006,06073008006,"Census Tract 80.06, San Diego County, California",4099,367
1400000US06073008101,06073008101,"Census Tract 81.01, San Diego County, California",3792,405
1400000US06073008102,06073008102,"Census Tract 81.02, San Diego County, California",3226,221
1400000US06073008200,06073008200,"Census Tract 82, San Diego County, California",2602,381
1400000US06073008301,06073008301,"Census Tract 83.01, San Diego County, California",2937,210
1400000US06073008303,06073008303,"Census Tract 83.03, San Diego County, California",3411,344
1400000US06073008305,06073008305,"Census Tract 83.05, San Diego County, California",2118,119
1400000US06073008306,06073008306,"Census Tract 83.06, San Diego County, California",3330,223
1400000US06073008307,06073008307,"Census Tract 83.07, San Diego County, California",3671,251
1400000US06073008310,06073008310,"Census Tract 83.10, San Diego County, California",5670,480
1400000US06073008311,06073008311,"Census Tract 83.11, San Diego County, California",2976,261
1400000US06073008312,06073008312,"Census Tract 83.12, San Diego County, California",3798,317
1400000US06073008313,06073008313,"Census Tract 83.13, San Diego County, California",2148,170
1400000US06073008324,06073008324,"Census Tract 83.24, San Diego County, California",6962,421
1400000US06073008327,06073008327,"Census Tract 83.27, San Diego County, California",6129,420
1400000US06073008328,06073008328,"Census Tract 83.28, San Diego County, California",5214,344
1400000US06073008329,06073008329,"Census Tract 83.29, San Diego County, California",6860,478
1400000US06073008330,06073008330,"Census Tract 83.30, San Diego County, California",5815,461
1400000US06073008331,06073008331,"Census Tract 83.31, San Diego County, California",2425,157
1400000US06073008333,06073008333,"Census Tract 83.33, San Diego County, California",14721,1124
1400000US06073008335,06073008335,"Census Tract 83.35, San Diego County, California",11256,582
1400000US06073008336,06073008336,"Census Tract 83.36, San Diego County, California",2250,154
1400000US06073008337,06073008337,"Census Tract 83.37, San Diego County, California",4601,393
1400000US06073008339,06073008339,"Census Tract 83.39, San Diego County, California",2134,242
1400000US06073008340,06073008340,"Census Tract 83.40, San Diego County, California",9045,850
1400000US06073008341,06073008341,"Census Tract 83.41, San Diego County, California",7616,686
1400000US06073008343,06073008343,"Census Tract 83.43, San Diego County, California",5251,327
1400000US06073008344,06073008344,"Census Tract 83.44, San Diego County, California",3391,254
1400000US06073008345,06073008345,"Census Tract 83.45, San Diego County, California",4186,395
1400000US06073008346,06073008346,"Census Tract 83.46, San Diego County, California",5232,328
1400000US06073008347,06073008347,"Census Tract 83.47, San Diego County, California",6675,384
1400000US06073008348,06073008348,"Census Tract 83.48, San Diego County, California",5647,392
1400000US06073008349,06073008349,"Census Tract 83.49, San Diego County, California",3725,301
1400000US06073008350,06073008350,"Census Tract 83.50, San Diego County, California",6104,568
1400000US06073008351,06073008351,"Census Tract 83.51, San Diego County, California",4249,306
1400000US06073008352,06073008352,"Census Tract 83.52, San Diego County, California",3977,638
1400000US06073008353,06073008353,"Census Tract 83.53, San Diego County, California",5115,325
1400000US06073008354,06073008354,"Census Tract 83.54, San Diego County, California",6888,597
1400000US06073008355,06073008355,"Census Tract 83.55, San Diego County, California",3857,311
1400000US06073008356,06073008356,"Census Tract 83.56, San Diego County, California",4058,255
1400000US06073008357,06073008357,"Census Tract 83.57, San Diego County, California",5067,371
1400000US06073008358,06073008358,"Census Tract 83.58, San Diego County, California",7748,732
1400000US06073008359,06073008359,"Census Tract 83.59, San Diego County, California",4530,304
1400000US06073008360,06073008360,"Census Tract 83.60, San Diego County, California",6783,745
1400000US06073008361,06073008361,"Census Tract 83.61, San Diego County, California",2328,229
1400000US06073008362,06073008362,"Census Tract 83.62, San Diego County, California",3242,297
1400000US06073008363,06073008363,"Census Tract 83.63, San Diego County, California",5384,609
1400000US06073008364,06073008364,"Census Tract 83.64, San Diego County, California",5387,559
1400000US06073008365,06073008365,"Census Tract 83.65, San Diego County, California",3072,177
1400000US06073008366,06073008366,"Census Tract 83.66, San Diego County, California",6049,367
1400000US06073008501,06073008501,"Census Tract 85.01, San Diego County, California",5288,470
1400000US06073008502,06073008502,"Census Tract 85.02, San Diego County, California",6121,542
1400000US06073008503,06073008503,"Census Tract 85.03, San Diego County, California",6525,437
1400000US06073008504,06073008504,"Census Tract 85.04, San Diego County, California",5901,488
1400000US06073008505,06073008505,"Census Tract 85.05, San Diego County, California",6100,585
1400000US06073008506,06073008506,"Census Tract 85.06, San Diego County, California",4562,243
1400000US06073008507,06073008507,"Census Tract 85.07, San Diego County, California",8424,526
1400000US06073008509,06073008509,"Census Tract 85.09, San Diego County, California",7610,478
1400000US06073008510,06073008510,"Census Tract 85.10, San Diego County, California",6996,617
1400000US06073008511,06073008511,"Census Tract 85.11, San Diego County, California",3588,341
1400000US06073008512,06073008512,"Census Tract 85.12, San Diego County, California",4898,538
1400000US06073008513,06073008513,"Census Tract 85.13, San Diego County, California",3071,249
1400000US06073008600,06073008600,"Census Tract 86, San Diego County, California",7339,646
1400000US06073008701,06073008701,"Census Tract 87.01, San Diego County, California",3493,274
1400000US06073008702,06073008702,"Census Tract 87.02, San Diego County, California",5094,375
1400000US06073008800,06073008800,"Census Tract 88, San Diego County, California",6921,612
1400000US06073008901,06073008901,"Census Tract 89.01, San Diego County, California",5157,557
1400000US06073008902,06073008902,"Census Tract 89.02, San Diego County, California",2312,258
1400000US06073009000,06073009000,"Census Tract 90, San Diego County, California",4341,513
1400000US06073009101,06073009101,"Census Tract 91.01, San Diego County, California",5707,428
1400000US06073009102,06073009102,"Census Tract 91.02, San Diego County, California",3575,348
1400000US06073009103,06073009103,"Census Tract 91.03, San Diego County, California",3523,278
1400000US06073009104,06073009104,"Census Tract 91.04, San Diego County, California",2990,208
1400000US06073009106,06073009106,"Census Tract 91.06, San Diego County, California",4527,350
1400000US06073009107,06073009107,"Census Tract 91.07, San Diego County, California",4574,380
1400000US06073009201,06073009201,"Census Tract 92.01, San Diego County, California",5448,417
1400000US06073009202,06073009202,"Census Tract 92.02, San Diego County, California",5018,319
1400000US06073009301,06073009301,"Census Tract 93.01, San Diego County, California",5055,427
1400000US06073009304,06073009304,"Census Tract 93.04, San Diego County, California",8442,717
1400000US06073009305,06073009305,"Census Tract 93.05, San Diego County, California",5258,412
1400000US06073009306,06073009306,"Census Tract 93.06, San Diego County, California",5942,534
1400000US06073009400,06073009400,"Census Tract 94, San Diego County, California",5027,560
1400000US06073009502,06073009502,"Census Tract 95.02, San Diego County, California",3807,264
1400000US06073009504,06073009504,"Census Tract 95.04, San Diego County, California",6668,409
1400000US06073009505,06073009505,"Census Tract 95.05, San Diego County, California",6834,514
1400000US06073009506,06073009506,"Census Tract 95.06, San Diego County, California",4179,212
1400000US06073009507,06073009507,"Census Tract 95.07, San Diego County, California",3710,308
1400000US06073009509,06073009509,"Census Tract 95.09, San Diego County, California",3525,415
1400000US06073009510,06073009510,"Census Tract 95.10, San Diego County, California",4810,527
1400000US06073009511,06073009511,"Census Tract 95.11, San Diego County, California",4324,291
1400000US06073009602,06073009602,"Census Tract 96.02, San Diego County, California",3876,274
1400000US06073009603,06073009603,"Census Tract 96.03, San Diego County, California",5158,454
1400000US06073009604,06073009604,"Census Tract 96.04, San Diego County, California",3578,452
1400000US06073009703,06073009703,"Census Tract 97.03, San Diego County, California",3580,309
1400000US06073009704,06073009704,"Census Tract 97.04, San Diego County, California",5840,367
1400000US06073009705,06073009705,"Census Tract 97.05, San Diego County, California",3666,296
1400000US06073009706,06073009706,"Census Tract 97.06, San Diego County, California",6955,603
1400000US06073009801,06073009801,"Census Tract 98.01, San Diego County, California",4812,328
1400000US06073009802,06073009802,"Census Tract 98.02, San Diego County, California",6628,446
1400000US06073009804,06073009804,"Census Tract 98.04, San Diego County, California",4860,270
1400000US06073009805,06073009805,"Census Tract 98.05, San Diego County, California",5113,238
1400000US06073009901,06073009901,"Census Tract 99.01, San Diego County, California",772,170
1400000US06073009902,06073009902,"Census Tract 99.02, San Diego County, California",0,12
1400000US06073010001,06073010001,"Census Tract 100.01, San Diego County, California",3724,388
1400000US06073010003,06073010003,"Census Tract 100.03, San Diego County, California",6499,540
1400000US06073010004,06073010004,"Census Tract 100.04, San Diego County, California",4587,419
1400000US06073010005,06073010005,"Census Tract 100.05, San Diego County, California",8129,721
1400000US06073010009,06073010009,"Census Tract 100.09, San Diego County, California",6964,510
1400000US06073010010,06073010010,"Census Tract 100.10, San Diego County, California",5973,389
1400000US06073010011,06073010011,"Census Tract 100.11, San Diego County, California",4276,334
1400000US06073010012,06073010012,"Census Tract 100.12, San Diego County, California",5202,399
1400000US06073010013,06073010013,"Census Tract 100.13, San Diego County, California",6180,475
1400000US06073010014,06073010014,"Census Tract 100.14, San Diego County, California",20663,1128
1400000US06073010015,06073010015,"Census Tract 100.15, San Diego County, California",2905,217
1400000US06073010103,06073010103,"Census Tract 101.03, San Diego County, California",7008,469
1400000US06073010104,06073010104,"Census Tract 101.04, San Diego County, California",3746,398
1400000US06073010106,06073010106,"Census Tract 101.06, San Diego County, California",5952,433
1400000US06073010107,06073010107,"Census Tract 101.07, San Diego County, California",6986,448
1400000US06073010109,06073010109,"Census Tract 101.09, San Diego County, California",4727,298
1400000US06073010110,06073010110,"Census Tract 101.10, San Diego County, California",8198,899
1400000US06073010111,06073010111,"Census Tract 101.11, San Diego County, California",3376,309
1400000US06073010112,06073010112,"Census Tract 101.12, San Diego County, California",5079,430
1400000US06073010200,06073010200,"Census Tract 102, San Diego County, California",6360,547
1400000US06073010300,06073010300,"Census Tract 103, San Diego County, California",4741,495
1400000US06073010401,06073010401,"Census Tract 104.01, San Diego County, California",2292,233
1400000US06073010402,06073010402,"Census Tract 104.02, San Diego County, California",6375,383
1400000US06073010501,06073010501,"Census Tract 105.01, San Diego County, California",1451,122
1400000US06073010502,06073010502,"Census Tract 105.02, San Diego County, California",5832,534
1400000US06073010601,06073010601,"Census Tract 106.01, San Diego County, California",2432,321
1400000US06073010800,06073010800,"Census Tract 108, San Diego County, California",2786,228
1400000US06073010900,06073010900,"Census Tract 109, San Diego County, California",2056,160
1400000US06073011000,06073011000,"Census Tract 110, San Diego County, California",3280,296
1400000US06073011100,06073011100,"Census Tract 111, San Diego County, California",4347,354
1400000US06073011300,06073011300,"Census Tract 113, San Diego County, California",3476,477
1400000US06073011601,06073011601,"Census Tract 116.01, San Diego County, California",5838,465
1400000US06073011602,06073011602,"Census Tract 116.02, San Diego County, California",3614,265
1400000US06073011700,06073011700,"Census Tract 117, San Diego County, California",6048,703
1400000US06073011801,06073011801,"Census Tract 118.01, San Diego County, California",3699,348
1400000US06073011802,06073011802,"Census Tract 118.02, San Diego County, California",7566,672
1400000US06073011902,06073011902,"Census Tract 119.02, San Diego County, California",5827,594
1400000US06073012002,06073012002,"Census Tract 120.02, San Diego County, California",3948,374
1400000US06073012003,06073012003,"Census Tract 120.03, San Diego County, California",3519,237
1400000US06073012101,06073012101,"Census Tract 121.01, San Diego County, California",2517,254
1400000US06073012102,06073012102,"Census Tract 121.02, San Diego County, California",3784,370
1400000US06073012200,06073012200,"Census Tract 122, San Diego County, California",3441,305
1400000US06073012302,06073012302,"Census Tract 123.02, San Diego County, California",1743,128
1400000US06073012303,06073012303,"Census Tract 123.03, San Diego County, California",3537,399
1400000US06073012304,06073012304,"Census Tract 123.04, San Diego County, California",3388,395
1400000US06073012401,06073012401,"Census Tract 124.01, San Diego County, California",3783,433
1400000US06073012402,06073012402,"Census Tract 124.02, San Diego County, California",5170,486
1400000US06073012501,06073012501,"Census Tract 125.01, San Diego County, California",3098,496
1400000US06073012502,06073012502,"Census Tract 125.02, San Diego County, California",4199,436
1400000US06073012600,06073012600,"Census Tract 126, San Diego County, California",4641,501
1400000US06073012700,06073012700,"Census Tract 127, San Diego County, California",5343,474
1400000US06073012800,06073012800,"Census Tract 128, San Diego County, California",4021,381
1400000US06073012900,06073012900,"Census Tract 129, San Diego County, California",3195,460
1400000US06073013000,06073013000,"Census Tract 130, San Diego County, California",6604,595
1400000US06073013102,06073013102,"Census Tract 131.02, San Diego County, California",6517,537
1400000US06073013103,06073013103,"Census Tract 131.03, San Diego County, California",2630,289
1400000US06073013104,06073013104,"Census Tract 131.04, San Diego County, California",5727,508
1400000US06073013203,06073013203,"Census Tract 132.03, San Diego County, California",7018,923
1400000US06073013204,06073013204,"Census Tract 132.04, San Diego County, California",4124,406
1400000US06073013205,06073013205,"Census Tract 132.05, San Diego County, California",2475,255
1400000US06073013206,06073013206,"Census Tract 132.06, San Diego County, California",7230,783
1400000US06073013301,06073013301,"Census Tract 133.01, San Diego County, California",5418,419
1400000US06073013302,06073013302,"Census Tract 133.02, San Diego County, California",4904,428
1400000US06073013303,06073013303,"Census Tract 133.03, San Diego County, California",5545,501
1400000US06073013306,06073013306,"Census Tract 133.06, San Diego County, California",4233,548
1400000US06073013307,06073013307,"Census Tract 133.07, San Diego County, California",4212,405
1400000US06073013308,06073013308,"Census Tract 133.08, San Diego County, California",3907,428
1400000US06073013309,06073013309,"Census Tract 133.09, San Diego County, California",7505,622
1400000US06073013310,06073013310,"Census Tract 133.10, San Diego County, California",28187,1778
1400000US06073013311,06073013311,"Census Tract 133.11, San Diego County, California",10643,629
1400000US06073013312,06073013312,"Census Tract 133.12, San Diego County, California",2901,245
1400000US06073013313,06073013313,"Census Tract 133.13, San Diego County, California",13088,930
1400000US06073013314,06073013314,"Census Tract 133.14, San Diego County, California",17134,1573
1400000US06073013401,06073013401,"Census Tract 134.01, San Diego County, California",4562,376
1400000US06073013409,06073013409,"Census Tract 134.09, San Diego County, California",5653,335
1400000US06073013410,06073013410,"Census Tract 134.10, San Diego County, California",7978,652
1400000US06073013411,06073013411,"Census Tract 134.11, San Diego County, California",5445,396
1400000US06073013412,06073013412,"Census Tract 134.12, San Diego County, California",5048,457
1400000US06073013414,06073013414,"Census Tract 134.14, San Diego County, California",8033,649
1400000US06073013415,06073013415,"Census Tract 134.15, San Diego County, California",1595,131
1400000US06073013416,06073013416,"Census Tract 134.16, San Diego County, California",3770,328
1400000US06073013417,06073013417,"Census Tract 134.17, San Diego County, California",2224,140
1400000US06073013418,06073013418,"Census Tract 134.18, San Diego County, California",6197,699
1400000US06073013419,06073013419,"Census Tract 134.19, San Diego County, California",8377,556
1400000US06073013420,06073013420,"Census Tract 134.20, San Diego County, California",3877,469
1400000US06073013421,06073013421,"Census Tract 134.21, San Diego County, California",4746,495
1400000US06073013503,06073013503,"Census Tract 135.03, San Diego County, California",5614,466
1400000US06073013504,06073013504,"Census Tract 135.04, San Diego County, California",3702,244
1400000US06073013505,06073013505,"Census Tract 135.05, San Diego County, California",4795,268
1400000US06073013506,06073013506,"Census Tract 135.06, San Diego County, California",4358,380
1400000US06073013601,06073013601,"Census Tract 136.01, San Diego County, California",5001,317
1400000US06073013604,06073013604,"Census Tract 136.04, San Diego County, California",6252,541
1400000US06073013605,06073013605,"Census Tract 136.05, San Diego County, California",6523,649
1400000US06073013606,06073013606,"Census Tract 136.06, San Diego County, California",6849,510
1400000US06073013701,06073013701,"Census Tract 137.01, San Diego County, California",2255,172
1400000US06073013702,06073013702,"Census Tract 137.02, San Diego County, California",6184,556
1400000US06073013801,06073013801,"Census Tract 138.01, San Diego County, California",5111,497
1400000US06073013802,06073013802,"Census Tract 138.02, San Diego County, California",2833,303
1400000US06073013903,06073013903,"Census Tract 139.03, San Diego County, California",4400,332
1400000US06073013905,06073013905,"Census Tract 139.05, San Diego County, California",4481,469
1400000US06073013906,06073013906,"Census Tract 139.06, San Diego County, California",5317,385
1400000US06073013907,06073013907,"Census Tract 139.07, San Diego County, California",4525,580
1400000US06073013908,06073013908,"Census Tract 139.08, San Diego County, California",4408,490
1400000US06073013909,06073013909,"Census Tract 139.09, San Diego County, California",4320,395
1400000US06073014001,06073014001,"Census Tract 140.01, San Diego County, California",4669,278
1400000US06073014002,06073014002,"Census Tract 140.02, San Diego County, California",4699,389
1400000US06073014101,06073014101,"Census Tract 141.01, San Diego County, California",4150,429
1400000US06073014102,06073014102,"Census Tract 141.02, San Diego County, California",3983,299
1400000US06073014200,06073014200,"Census Tract 142, San Diego County, California",6088,480
1400000US06073014300,06073014300,"Census Tract 143, San Diego County, California",4014,522
1400000US06073014400,06073014400,"Census Tract 144, San Diego County, California",3524,385
1400000US06073014500,06073014500,"Census Tract 145, San Diego County, California",3931,390
1400000US06073014601,06073014601,"Census Tract 146.01, San Diego County, California",5159,475
1400000US06073014602,06073014602,"Census Tract 146.02, San Diego County, California",4603,345
1400000US06073014700,06073014700,"Census Tract 147, San Diego County, California",8204,744
1400000US06073014803,06073014803,"Census Tract 148.03, San Diego County, California",4806,474
1400000US06073014804,06073014804,"Census Tract 148.04, San Diego County, California",3702,385
1400000US06073014805,06073014805,"Census Tract 148.05, San Diego County, California",4449,356
1400000US06073014806,06073014806,"Census Tract 148.06, San Diego County, California",2596,379
1400000US06073014901,06073014901,"Census Tract 149.01, San Diego County, California",4684,458
1400000US06073014902,06073014902,"Census Tract 149.02, San Diego County, California",3221,312
1400000US06073015000,06073015000,"Census Tract 150, San Diego County, California",6801,541
1400000US06073015100,06073015100,"Census Tract 151, San Diego County, California",5269,291
1400000US06073015200,06073015200,"Census Tract 152, San Diego County, California",3857,305
1400000US06073015301,06073015301,"Census Tract 153.01, San Diego County, California",3126,318
1400000US06073015302,06073015302,"Census Tract 153.02, San Diego County, California",3961,324
1400000US06073015403,06073015403,"Census Tract 154.03, San Diego County, California",2615,210
1400000US06073015404,06073015404,"Census Tract 154.04, San Diego County, California",8714,598
1400000US06073015405,06073015405,"Census Tract 154.05, San Diego County, California",5967,361
1400000US06073015406,06073015406,"Census Tract 154.06, San Diego County, California",2544,205
1400000US06073015501,06073015501,"Census Tract 155.01, San Diego County, California",5003,432
1400000US06073015502,06073015502,"Census Tract 155.02, San Diego County, California",2909,262
1400000US06073015601,06073015601,"Census Tract 156.01, San Diego County, California",6420,445
1400000US06073015602,06073015602,"Census Tract 156.02, San Diego County, California",2343,166
1400000US06073015701,06073015701,"Census Tract 157.01, San Diego County, California",6826,756
1400000US06073015703,06073015703,"Census Tract 157.03, San Diego County, California",7336,677
1400000US06073015704,06073015704,"Census Tract 157.04, San Diego County, California",4213,360
1400000US06073015801,06073015801,"Census Tract 158.01, San Diego County, California",3721,415
1400000US06073015802,06073015802,"Census Tract 158.02, San Diego County, California",5145,472
1400000US06073015901,06073015901,"Census Tract 159.01, San Diego County, California",3638,373
1400000US06073015902,06073015902,"Census Tract 159.02, San Diego County, California",5166,426
1400000US06073016000,06073016000,"Census Tract 160, San Diego County, California",2408,218
1400000US06073016100,06073016100,"Census Tract 161, San Diego County, California",6080,405
1400000US06073016201,06073016201,"Census Tract 162.01, San Diego County, California",5512,312
1400000US06073016202,06073016202,"Census Tract 162.02, San Diego County, California",3242,229
1400000US06073016301,06073016301,"Census Tract 163.01, San Diego County, California",5081,335
1400000US06073016302,06073016302,"Census Tract 163.02, San Diego County, California",5538,423
1400000US06073016401,06073016401,"Census Tract 164.01, San Diego County, California",5198,368
1400000US06073016402,06073016402,"Census Tract 164.02, San Diego County, California",7908,633
1400000US06073016502,06073016502,"Census Tract 165.02, San Diego County, California",7215,509
1400000US06073016503,06073016503,"Census Tract 165.03, San Diego County, California",3111,303
1400000US06073016504,06073016504,"Census Tract 165.04, San Diego County, California",6922,782
1400000US06073016605,06073016605,"Census Tract 166.05, San Diego County, California",7420,663
1400000US06073016606,06073016606,"Census Tract 166.06, San Diego County, California",4021,286
1400000US06073016607,06073016607,"Census Tract 166.07, San Diego County, California",5922,519
1400000US06073016608,06073016608,"Census Tract 166.08, San Diego County, California",2696,198
1400000US06073016609,06073016609,"Census Tract 166.09, San Diego County, California",5285,276
1400000US06073016610,06073016610,"Census Tract 166.10, San Diego County, California",4068,307
1400000US06073016612,06073016612,"Census Tract 166.12, San Diego County, California",6089,398
1400000US06073016613,06073016613,"Census Tract 166.13, San Diego County, California",1958,126
1400000US06073016614,06073016614,"Census Tract 166.14, San Diego County, California",4145,314
1400000US06073016615,06073016615,"Census Tract 166.15, San Diego County, California",3610,498
1400000US06073016616,06073016616,"Census Tract 166.16, San Diego County, California",4398,315
1400000US06073016617,06073016617,"Census Tract 166.17, San Diego County, California",3299,242
1400000US06073016701,06073016701,"Census Tract 167.01, San Diego County, California",10209,691
1400000US06073016702,06073016702,"Census Tract 167.02, San Diego County, California",6797,575
1400000US06073016802,06073016802,"Census Tract 168.02, San Diego County, California",7577,620
1400000US06073016804,06073016804,"Census Tract 168.04, San Diego County, California",7432,746
1400000US06073016806,06073016806,"Census Tract 168.06, San Diego County, California",4334,388
1400000US06073016807,06073016807,"Census Tract 168.07, San Diego County, California",7192,564
1400000US06073016809,06073016809,"Census Tract 168.09, San Diego County, California",4994,404
1400000US06073016810,06073016810,"Census Tract 168.10, San Diego County, California",2887,188
1400000US06073016811,06073016811,"Census Tract 168.11, San Diego County, California",4353,400
1400000US06073016901,06073016901,"Census Tract 169.01, San Diego County, California",6536,596
1400000US06073016902,06073016902,"Census Tract 169.02, San Diego County, California",2683,247
1400000US06073017006,06073017006,"Census Tract 170.06, San Diego County, California",2688,153
1400000US06073017009,06073017009,"Census Tract 170.09, San Diego County, California",4025,383
1400000US06073017010,06073017010,"Census Tract 170.10, San Diego County, California",3060,259
1400000US06073017014,06073017014,"Census Tract 170.14, San Diego County, California",2365,181
1400000US06073017015,06073017015,"Census Tract 170.15, San Diego County, California",8096,523
1400000US06073017018,06073017018,"Census Tract 170.18, San Diego County, California",4492,333
1400000US06073017019,06073017019,"Census Tract 170.19, San Diego County, California",6011,398
1400000US06073017020,06073017020,"Census Tract 170.20, San Diego County, California",3756,281
1400000US06073017021,06073017021,"Census Tract 170.21, San Diego County, California",2859,267
1400000US06073017022,06073017022,"Census Tract 170.22, San Diego County, California",5649,402
1400000US06073017029,06073017029,"Census Tract 170.29, San Diego County, California",9067,955
1400000US06073017030,06073017030,"Census Tract 170.30, San Diego County, California",19564,1534
1400000US06073017031,06073017031,"Census Tract 170.31, San Diego County, California",3866,271
1400000US06073017032,06073017032,"Census Tract 170.32, San Diego County, California",13778,804
1400000US06073017033,06073017033,"Census Tract 170.33, San Diego County, California",4711,286
1400000US06073017034,06073017034,"Census Tract 170.34, San Diego County, California",5254,312
1400000US06073017035,06073017035,"Census Tract 170.35, San Diego County, California",2979,314
1400000US06073017036,06073017036,"Census Tract 170.36, San Diego County, California",3449,227
1400000US06073017037,06073017037,"Census Tract 170.37, San Diego County, California",5915,340
1400000US06073017039,06073017039,"Census Tract 170.39, San Diego County, California",7250,382
1400000US06073017040,06073017040,"Census Tract 170.40, San Diego County, California",4692,285
1400000US06073017041,06073017041,"Census Tract 170.41, San Diego County, California",6316,443
1400000US06073017042,06073017042,"Census Tract 170.42, San Diego County, California",8280,517
1400000US06073017043,06073017043,"Census Tract 170.43, San Diego County, California",6337,414
1400000US06073017044,06073017044,"Census Tract 170.44, San Diego County, California",5780,279
1400000US06073017045,06073017045,"Census Tract 170.45, San Diego County, California",2768,133
1400000US06073017046,06073017046,"Census Tract 170.46, San Diego County, California",3655,271
1400000US06073017047,06073017047,"Census Tract 170.47, San Diego County, California",3883,181
1400000US06073017048,06073017048,"Census Tract 170.48, San Diego County, California",7406,568
1400000US06073017049,06073017049,"Census Tract 170.49, San Diego County, California",3099,230
1400000US06073017050,06073017050,"Census Tract 170.50, San Diego County, California",3197,350
1400000US06073017051,06073017051,"Census Tract 170.51, San Diego County, California",4409,489
1400000US06073017052,06073017052,"Census Tract 170.52, San Diego County, California",4894,323
1400000US06073017053,06073017053,"Census Tract 170.53, San Diego County, California",3323,238
1400000US06073017054,06073017054,"Census Tract 170.54, San Diego County, California",5886,348
1400000US06073017055,06073017055,"Census Tract 170.55, San Diego County, California",5235,357
1400000US06073017056,06073017056,"Census Tract 170.56, San Diego County, California",4016,400
1400000US06073017104,06073017104,"Census Tract 171.04, San Diego County, California",3926,237
1400000US06073017106,06073017106,"Census Tract 171.06, San Diego County, California",4850,480
1400000US06073017107,06073017107,"Census Tract 171.07, San Diego County, California",2728,173
1400000US06073017108,06073017108,"Census Tract 171.08, San Diego County, California",4801,241
1400000US06073017109,06073017109,"Census Tract 171.09, San Diego County, California",6438,465
1400000US06073017110,06073017110,"Census Tract 171.10, San Diego County, California",11245,820
1400000US06073017200,06073017200,"Census Tract 172, San Diego County, California",4269,42
1400000US06073017303,06073017303,"Census Tract 173.03, San Diego County, California",2883,285
1400000US06073017304,06073017304,"Census Tract 173.04, San Diego County, California",6297,383
1400000US06073017305,06073017305,"Census Tract 173.05, San Diego County, California",2769,202
1400000US06073017306,06073017306,"Census Tract 173.06, San Diego County, California",2759,326
1400000US06073017401,06073017401,"Census Tract 174.01, San Diego County, California",6128,468
1400000US06073017403,06073017403,"Census Tract 174.03, San Diego County, California",5301,346
1400000US06073017404,06073017404,"Census Tract 174.04, San Diego County, California",7165,507
1400000US06073017501,06073017501,"Census Tract 175.01, San Diego County, California",3203,284
1400000US06073017502,06073017502,"Census Tract 175.02, San Diego County, California",3606,276
1400000US06073017601,06073017601,"Census Tract 176.01, San Diego County, California",5622,475
1400000US06073017603,06073017603,"Census Tract 176.03, San Diego County, California",2445,190
1400000US06073017604,06073017604,"Census Tract 176.04, San Diego County, California",6746,541
1400000US06073017701,06073017701,"Census Tract 177.01, San Diego County, California",5109,385
1400000US06073017702,06073017702,"Census Tract 177.02, San Diego County, California",2963,320
1400000US06073017801,06073017801,"Census Tract 178.01, San Diego County, California",6309,610
1400000US06073017808,06073017808,"Census Tract 178.08, San Diego County, California",6088,452
1400000US06073017809,06073017809,"Census Tract 178.09, San Diego County, California",2363,235
1400000US06073017810,06073017810,"Census Tract 178.10, San Diego County, California",5034,375
1400000US06073017811,06073017811,"Census Tract 178.11, San Diego County, California",7604,424
1400000US06073017813,06073017813,"Census Tract 178.13, San Diego County, California",4312,367
1400000US06073017900,06073017900,"Census Tract 179, San Diego County, California",7216,622
1400000US06073018000,06073018000,"Census Tract 180, San Diego County, California",3164,252
1400000US06073018100,06073018100,"Census Tract 181, San Diego County, California",6444,558
1400000US06073018200,06073018200,"Census Tract 182, San Diego County, California",8232,785
1400000US06073018300,06073018300,"Census Tract 183, San Diego County, California",2403,293
1400000US06073018400,06073018400,"Census Tract 184, San Diego County, California",2991,340
1400000US06073018504,06073018504,"Census Tract 185.04, San Diego County, California",6972,503
1400000US06073018507,06073018507,"Census Tract 185.07, San Diego County, California",9349,657
1400000US06073018509,06073018509,"Census Tract 185.09, San Diego County, California",4630,452
1400000US06073018510,06073018510,"Census Tract 185.10, San Diego County, California",3227,404
1400000US06073018511,06073018511,"Census Tract 185.11, San Diego County, California",4533,466
1400000US06073018512,06073018512,"Census Tract 185.12, San Diego County, California",3439,285
1400000US06073018513,06073018513,"Census Tract 185.13, San Diego County, California",9128,706
1400000US06073018514,06073018514,"Census Tract 185.14, San Diego County, California",8519,583
1400000US06073018515,06073018515,"Census Tract 185.15, San Diego County, California",5054,273
1400000US06073018516,06073018516,"Census Tract 185.16, San Diego County, California",3890,274
1400000US06073018517,06073018517,"Census Tract 185.17, San Diego County, California",5041,536
1400000US06073018518,06073018518,"Census Tract 185.18, San Diego County, California",3236,230
1400000US06073018519,06073018519,"Census Tract 185.19, San Diego County, California",5928,426
1400000US06073018601,06073018601,"Census Tract 186.01, San Diego County, California",4708,387
1400000US06073018603,06073018603,"Census Tract 186.03, San Diego County, California",6418,802
1400000US06073018608,06073018608,"Census Tract 186.08, San Diego County, California",3287,326
1400000US06073018609,06073018609,"Census Tract 186.09, San Diego County, California",5911,456
1400000US06073018610,06073018610,"Census Tract 186.10, San Diego County, California",7707,611
1400000US06073018611,06073018611,"Census Tract 186.11, San Diego County, California",7962,821
1400000US06073018612,06073018612,"Census Tract 186.12, San Diego County, California",3515,305
1400000US06073018613,06073018613,"Census Tract 186.13, San Diego County, California",3425,339
1400000US06073018614,06073018614,"Census Tract 186.14, San Diego County, California",6346,549
1400000US06073018700,06073018700,"Census Tract 187, San Diego County, California",39454,2322
1400000US06073018801,06073018801,"Census Tract 188.01, San Diego County, California",3801,299
1400000US06073018802,06073018802,"Census Tract 188.02, San Diego County, California",8147,555
1400000US06073018803,06073018803,"Census Tract 188.03, San Diego County, California",4393,433
1400000US06073018903,06073018903,"Census Tract 189.03, San Diego County, California",4804,443
1400000US06073018904,06073018904,"Census Tract 189.04, San Diego County, California",6297,545
1400000US06073018905,06073018905,"Census Tract 189.05, San Diego County, California",6645,549
1400000US06073018906,06073018906,"Census Tract 189.06, San Diego County, California",6103,675
1400000US06073019001,06073019001,"Census Tract 190.01, San Diego County, California",6954,569
1400000US06073019002,06073019002,"Census Tract 190.02, San Diego County, California",1529,204
1400000US06073019101,06073019101,"Census Tract 191.01, San Diego County, California",7067,811
1400000US06073019103,06073019103,"Census Tract 191.03, San Diego County, California",5582,407
1400000US06073019105,06073019105,"Census Tract 191.05, San Diego County, California",6494,1331
1400000US06073019106,06073019106,"Census Tract 191.06, San Diego County, California",9189,642
1400000US06073019107,06073019107,"Census Tract 191.07, San Diego County, California",1877,201
1400000US06073019203,06073019203,"Census Tract 192.03, San Diego County, California",2623,282
1400000US06073019205,06073019205,"Census Tract 192.05, San Diego County, California",6772,694
1400000US06073019206,06073019206,"Census Tract 192.06, San Diego County, California",5984,653
1400000US06073019207,06073019207,"Census Tract 192.07, San Diego County, California",9496,731
1400000US06073019208,06073019208,"Census Tract 192.08, San Diego County, California",3334,367
1400000US06073019301,06073019301,"Census Tract 193.01, San Diego County, California",6771,516
1400000US06073019302,06073019302,"Census Tract 193.02, San Diego County, California",7483,584
1400000US06073019303,06073019303,"Census Tract 193.03, San Diego County, California",7777,889
1400000US06073019403,06073019403,"Census Tract 194.03, San Diego County, California",5792,743
1400000US06073019404,06073019404,"Census Tract 194.04, San Diego County, California",3426,267
1400000US06073019405,06073019405,"Census Tract 194.05, San Diego County, California",3813,328
1400000US06073019406,06073019406,"Census Tract 194.06, San Diego County, California",4913,352
1400000US06073019501,06073019501,"Census Tract 195.01, San Diego County, California",3402,295
1400000US06073019502,06073019502,"Census Tract 195.02, San Diego County, California",5662,519
1400000US06073019503,06073019503,"Census Tract 195.03, San Diego County, California",5096,392
1400000US06073019601,06073019601,"Census Tract 196.01, San Diego County, California",6123,515
1400000US06073019602,06073019602,"Census Tract 196.02, San Diego County, California",5108,422
1400000US06073019701,06073019701,"Census Tract 197.01, San Diego County, California",6297,654
1400000US06073019702,06073019702,"Census Tract 197.02, San Diego County, California",5166,436
1400000US06073019803,06073019803,"Census Tract 198.03, San Diego County, California",4645,304
1400000US06073019804,06073019804,"Census Tract 198.04, San Diego County, California",4713,320
1400000US06073019805,06073019805,"Census Tract 198.05, San Diego County, California",4093,343
1400000US06073019806,06073019806,"Census Tract 198.06, San Diego County, California",12442,809
1400000US06073019808,06073019808,"Census Tract 198.08, San Diego County, California",4853,292
1400000US06073019809,06073019809,"Census Tract 198.09, San Diego County, California",4357,315
1400000US06073019902,06073019902,"Census Tract 199.02, San Diego County, California",3970,308
1400000US06073019903,06073019903,"Census Tract 199.03, San Diego County, California",4543,533
1400000US06073019904,06073019904,"Census Tract 199.04, San Diego County, California",7055,910
1400000US06073019905,06073019905,"Census Tract 199.05, San Diego County, California",4201,362
1400000US06073020013,06073020013,"Census Tract 200.13, San Diego County, California",13672,767
1400000US06073020014,06073020014,"Census Tract 200.14, San Diego County, California",7512,487
1400000US06073020015,06073020015,"Census Tract 200.15, San Diego County, California",4274,265
1400000US06073020016,06073020016,"Census Tract 200.16, San Diego County, California",9414,434
1400000US06073020017,06073020017,"Census Tract 200.17, San Diego County, California",3373,362
1400000US06073020018,06073020018,"Census Tract 200.18, San Diego County, California",8386,697
1400000US06073020019,06073020019,"Census Tract 200.19, San Diego County, California",6922,545
1400000US06073020020,06073020020,"Census Tract 200.20, San Diego County, California",7781,690
1400000US06073020021,06073020021,"Census Tract 200.21, San Diego County, California",6352,396
1400000US06073020022,06073020022,"Census Tract 200.22, San Diego County, California",7761,707
1400000US06073020023,06073020023,"Census Tract 200.23, San Diego County, California",4361,416
1400000US06073020024,06073020024,"Census Tract 200.24, San Diego County, California",4258,360
1400000US06073020025,06073020025,"Census Tract 200.25, San Diego County, California",4822,394
1400000US06073020026,06073020026,"Census Tract 200.26, San Diego County, California",4370,460
1400000US06073020027,06073020027,"Census Tract 200.27, San Diego County, California",15056,904
1400000US06073020028,06073020028,"Census Tract 200.28, San Diego County, California",4017,548
1400000US06073020029,06073020029,"Census Tract 200.29, San Diego County, California",5476,745
1400000US06073020103,06073020103,"Census Tract 201.03, San Diego County, California",10854,557
1400000US06073020105,06073020105,"Census Tract 201.05, San Diego County, California",4437,499
1400000US06073020106,06073020106,"Census Tract 201.06, San Diego County, California",4050,428
1400000US06073020107,06073020107,"Census Tract 201.07, San Diego County, California",3978,347
1400000US06073020108,06073020108,"Census Tract 201.08, San Diego County, California",5966,449
1400000US06073020109,06073020109,"Census Tract 201.09, San Diego County, California",5456,662
1400000US06073020202,06073020202,"Census Tract 202.02, San Diego County, California",6704,539
1400000US06073020206,06073020206,"Census Tract 202.06, San Diego County, California",5512,723
1400000US06073020207,06073020207,"Census Tract 202.07, San Diego County, California",5208,559
1400000US06073020208,06073020208,"Census Tract 202.08, San Diego County, California",2730,172
1400000US06073020209,06073020209,"Census Tract 202.09, San Diego County, California",5325,457
1400000US06073020210,06073020210,"Census Tract 202.10, San Diego County, California",5140,591
1400000US06073020211,06073020211,"Census Tract 202.11, San Diego County, California",7280,871
1400000US06073020213,06073020213,"Census Tract 202.13, San Diego County, California",3980,381
1400000US06073020214,06073020214,"Census Tract 202.14, San Diego County, California",5686,592
1400000US06073020304,06073020304,"Census Tract 203.04, San Diego County, California",6194,535
1400000US06073020305,06073020305,"Census Tract 203.05, San Diego County, California",6323,571
1400000US06073020306,06073020306,"Census Tract 203.06, San Diego County, California",9229,618
1400000US06073020307,06073020307,"Census Tract 203.07, San Diego County, California",7543,655
1400000US06073020308,06073020308,"Census Tract 203.08, San Diego County, California",5565,648
1400000US06073020309,06073020309,"Census Tract 203.09, San Diego County, California",4674,488
1400000US06073020401,06073020401,"Census Tract 204.01, San Diego County, California",2372,163
1400000US06073020403,06073020403,"Census Tract 204.03, San Diego County, California",4260,357
1400000US06073020404,06073020404,"Census Tract 204.04, San Diego County, California",4733,313
1400000US06073020405,06073020405,"Census Tract 204.05, San Diego County, California",3322,308
1400000US06073020500,06073020500,"Census Tract 205, San Diego County, California",5206,432
1400000US06073020601,06073020601,"Census Tract 206.01, San Diego County, California",5935,520
1400000US06073020602,06073020602,"Census Tract 206.02, San Diego County, California",6100,574
1400000US06073020705,06073020705,"Census Tract 207.05, San Diego County, California",4843,448
1400000US06073020706,06073020706,"Census Tract 207.06, San Diego County, California",6305,499
1400000US06073020707,06073020707,"Census Tract 207.07, San Diego County, California",4263,394
1400000US06073020708,06073020708,"Census Tract 207.08, San Diego County, California",3644,282
1400000US06073020709,06073020709,"Census Tract 207.09, San Diego County, California",8184,616
1400000US06073020710,06073020710,"Census Tract 207.10, San Diego County, California",1577,115
1400000US06073020801,06073020801,"Census Tract 208.01, San Diego County, California",5436,503
1400000US06073020805,06073020805,"Census Tract 208.05, San Diego County, California",3643,390
1400000US06073020806,06073020806,"Census Tract 208.06, San Diego County, California",5999,424
1400000US06073020807,06073020807,"Census Tract 208.07, San Diego County, California",2453,310
1400000US06073020809,06073020809,"Census Tract 208.09, San Diego County, California",8129,1272
1400000US06073020810,06073020810,"Census Tract 208.10, San Diego County, California",5086,327
1400000US06073020811,06073020811,"Census Tract 208.11, San Diego County, California",5642,420
1400000US06073020902,06073020902,"Census Tract 209.02, San Diego County, California",2190,367
1400000US06073020903,06073020903,"Census Tract 209.03, San Diego County, California",2926,347
1400000US06073020904,06073020904,"Census Tract 209.04, San Diego County, California",2591,493
1400000US06073021000,06073021000,"Census Tract 210, San Diego County, California",3498,624
1400000US06073021100,06073021100,"Census Tract 211, San Diego County, California",7178,958
1400000US06073021202,06073021202,"Census Tract 212.02, San Diego County, California",3463,458
1400000US06073021204,06073021204,"Census Tract 212.04, San Diego County, California",5591,467
1400000US06073021205,06073021205,"Census Tract 212.05, San Diego County, California",7425,614
1400000US06073021206,06073021206,"Census Tract 212.06, San Diego County, California",2656,287
1400000US06073021302,06073021302,"Census Tract 213.02, San Diego County, California",7862,790
1400000US06073021303,06073021303,"Census Tract 213.03, San Diego County, California",8713,598
1400000US06073021304,06073021304,"Census Tract 213.04, San Diego County, California",2590,194
1400000US06073021400,06073021400,"Census Tract 214, San Diego County, California",7079,392
1400000US06073021500,06073021500,"Census Tract 215, San Diego County, California",9433,478
1400000US06073021600,06073021600,"Census Tract 216, San Diego County, California",3689,335
1400000US06073021800,06073021800,"Census Tract 218, San Diego County, California",2381,248
1400000US06073021900,06073021900,"Census Tract 219, San Diego County, California",5506,1142
1400000US06073022000,06073022000,"Census Tract 220, San Diego County, California",4324,415
1400000US06073022100,06073022100,"Census Tract 221, San Diego County, California",9172,813
1400000US06073990100,06073990100,"Census Tract 9901, San Diego County, California",0,12
